{
  "replace": false,
  "fabric:load_conditions": [
    {
      "condition": "sophisticatedcore:item_enabled",
      "itemRegistryName": "sophisticatedbackpacks:backpack"
    }
  ],
  "type": "sophisticatedbackpacks:basic_backpack",
  "key": {
    "C": [
      {"item": "minecraft:shulker_box"},
      {"item": "minecraft:white_shulker_box"},
      {"item": "minecraft:orange_shulker_box"},
      {"item": "minecraft:magenta_shulker_box"},
      {"item": "minecraft:light_blue_shulker_box"},
      {"item": "minecraft:yellow_shulker_box"},
      {"item": "minecraft:lime_shulker_box"},
      {"item": "minecraft:pink_shulker_box"},
      {"item": "minecraft:gray_shulker_box"},
      {"item": "minecraft:light_gray_shulker_box"},
      {"item": "minecraft:cyan_shulker_box"},
      {"item": "minecraft:purple_shulker_box"},
      {"item": "minecraft:blue_shulker_box"},
      {"item": "minecraft:brown_shulker_box"},
      {"item": "minecraft:green_shulker_box"},
      {"item": "minecraft:red_shulker_box"},
      {"item": "minecraft:black_shulker_box"}
    ],
    "L": {
      "item": "minecraft:leather"
    },
    "S": {
      "item": "minecraft:string"
    }
  },
  "pattern": [
    "SLS",
    "SCS",
    "LLL"
  ],
  "result": {
    "item": "sophisticatedbackpacks:backpack"
  }
}
